Metric,Value
R2,-19.233219619111416
RMSE,926.9474819324586
MAE,905.9914553506035
