Actual,Predicted
1302.5,59.790718
655.0,27.266869
872.8,31.17408
887.4,20.11927
793.4,31.41586
902.1,31.992823
1173.3,42.800194
