Metric,Value
R2,-16.20965376234182
RMSE,854.8869699918112
MAE,832.4800077165877
