Actual,Predicted
1302.5,120.59062
655.0,104.79693
872.8,89.23273
887.4,77.35633
793.4,107.55522
902.1,110.62434
1173.3,148.98378
