Metric,Value
R2,-12.092942531858803
RMSE,745.6607134591234
MAE,727.6542968750001
