Actual,Predicted
1302.5,274.89178
655.0,177.14278
872.8,171.71704
887.4,132.82217
793.4,199.03021
902.1,206.24052
1173.3,331.0754
