Metric,Value
R2,-20.746226477731366
RMSE,960.9805209001147
MAE,938.7372232164656
