Actual,Predicted
1302.5,2.6668282
655.0,1.9041624
872.8,1.4865435
887.4,1.3479801
793.4,2.0445914
902.1,2.1196196
1173.3,3.7697122
