Metric,Value
R2,-12.536861266196317
RMSE,758.1962293257739
MAE,738.1322337559293
