Actual,Predicted
1302.5,261.55527
655.0,172.1056
872.8,182.40236
887.4,120.42478
793.4,205.98566
902.1,203.05501
1173.3,274.0457
