Metric,Value
R2,-14.772187415956683
RMSE,818.4056063012839
MAE,795.5932846069337
