Actual,Predicted
1302.5,177.58061
655.0,146.31483
872.8,127.00637
887.4,104.581436
793.4,143.02475
902.1,145.38359
1173.3,173.45541
