Metric,Value
R2,-19.373273607149322
RMSE,930.150106393201
MAE,908.3691487993514
