Metric,Value
R2,-13.004650813434193
RMSE,771.1853550162409
MAE,751.9052570887976
