Actual,Predicted
1302.5,259.22424
655.0,164.6475
872.8,155.82262
887.4,113.832436
793.4,186.86385
902.1,188.57841
1173.3,254.19414
