Actual,Predicted
1302.5,294.68195
655.0,211.4098
872.8,186.34102
887.4,147.54816
793.4,227.08983
902.1,230.94545
1173.3,274.8961
