Metric,Value
R2,-11.814712725882348
RMSE,737.6953885992718
MAE,716.2268153599332
