Actual,Predicted
1302.5,45.309544
655.0,29.458805
872.8,24.878822
887.4,21.79079
793.4,31.826061
902.1,33.41502
1173.3,41.236916
